,ID,Reached.on.Time_Y.N
0,6811,1
1,4320,0
2,5732,0
3,7429,0
4,2191,1
5,8618,0
6,3311,0
7,7221,1
8,3291,0
9,9115,0
10,9396,0
11,663,1
12,6124,0
13,536,1
14,7082,0
15,7699,0
16,8651,0
17,8475,0
18,890,1
19,6596,0
20,3501,1
21,7751,1
22,10896,0
23,6343,1
24,3456,0
25,9417,0
26,9086,0
27,2043,1
28,1940,1
29,1347,1
30,6754,0
31,427,1
32,9503,1
33,9594,0
34,1385,1
35,9641,1
36,1818,1
37,7656,1
38,2805,1
39,6288,0
40,9003,0
41,4759,1
42,9576,0
43,6448,0
44,5603,0
45,891,1
46,5741,1
47,9305,1
48,1785,1
49,9603,0
50,5443,1
51,5328,0
52,3765,0
53,5627,0
54,2939,1
55,2029,1
56,5868,1
57,7647,0
58,8513,0
59,7865,0
60,8186,0
61,10050,1
62,4693,1
63,4560,0
64,7775,1
65,9504,1
66,10480,1
67,2480,1
68,1918,1
69,10685,0
70,9406,1
71,7419,0
72,10895,0
73,9455,1
74,2969,1
75,6935,1
76,8427,0
77,8985,0
78,4318,1
79,515,1
80,4553,1
81,4935,1
82,1161,1
83,10574,0
84,1757,1
85,671,1
86,6335,0
87,10290,0
88,491,1
89,9866,0
90,2672,1
91,823,1
92,9469,0
93,4672,0
94,5762,1
95,2472,1
96,4522,1
97,10447,0
98,8239,0
99,5119,0
100,8126,0
101,6760,0
102,7311,0
103,4407,1
104,3295,1
105,1066,1
106,6055,0
107,5978,1
108,1346,1
109,1762,1
110,3967,0
111,4587,0
112,8148,0
113,3657,0
114,1516,1
115,4397,0
116,4564,0
117,727,1
118,5180,0
119,4233,0
120,6924,0
121,8725,0
122,7969,1
123,3607,1
124,393,1
125,9330,1
126,8392,0
127,4051,0
128,10077,0
129,4482,0
130,4443,0
131,7554,0
132,7048,1
133,7551,0
134,5320,1
135,3581,1
136,2341,1
137,3653,1
138,2279,1
139,2877,1
140,10310,0
141,5088,0
142,10434,1
143,5643,0
144,9754,0
145,6638,0
146,1838,1
147,9138,1
148,10556,0
149,7133,1
150,6033,0
151,7506,1
152,6840,1
153,399,1
154,7741,1
155,1492,1
156,559,1
157,7076,1
158,873,1
159,7500,1
160,7108,1
161,8387,1
162,3051,1
163,5525,1
164,9615,0
165,2503,1
166,8495,0
167,7574,0
168,2772,1
169,8405,0
170,6217,0
171,2920,1
172,417,1
173,8251,0
174,2462,1
175,10438,1
176,8474,0
177,3324,0
178,4428,0
179,7211,1
180,681,1
181,9870,1
182,9541,0
183,10184,0
184,8064,0
185,10615,0
186,98,1
187,4567,1
188,4380,0
189,4892,0
190,506,1
191,9436,0
192,9965,1
193,479,1
194,2222,1
195,516,1
196,6959,1
197,3225,1
198,2315,1
199,6376,0
200,8840,1
201,7546,0
202,3476,0
203,4623,0
204,3001,1
205,566,1
206,7872,1
207,8108,0
208,8173,1
209,8343,0
210,2457,1
211,6826,0
212,3656,0
213,7689,0
214,6074,0
215,3076,1
216,5678,1
217,1493,1
218,10109,0
219,2389,1
220,5282,1
221,10142,0
222,6361,0
223,9889,0
224,1353,1
225,857,1
226,2167,1
227,73,1
228,408,1
229,3971,1
230,9334,0
231,3315,0
232,6964,0
233,2737,1
234,907,1
235,8762,0
236,10591,0
237,1994,1
238,6120,1
239,2179,1
240,7971,0
241,4706,0
242,9034,0
243,7651,0
244,2542,1
245,1666,1
246,4833,0
247,6049,1
248,8650,0
249,2899,1
250,5644,0
251,8178,0
252,8197,0
253,8668,0
254,1182,1
255,5138,1
256,8579,0
257,8761,0
258,5005,1
259,5655,1
260,7226,1
261,2660,1
262,3811,1
263,5408,0
264,8466,0
265,8519,1
266,5152,1
267,7680,1
268,7669,1
269,4555,0
270,10263,0
271,2651,1
272,8131,0
273,9661,1
274,331,1
275,7368,0
276,3144,0
277,2484,1
278,3630,0
279,4956,0
280,5675,0
281,7019,0
282,250,1
283,861,1
284,4176,0
285,9029,1
286,10708,0
287,2477,1
288,10842,0
289,6325,0
290,647,1
291,8515,0
292,2150,1
293,3415,0
294,9488,1
295,8357,1
296,4140,0
297,2948,1
298,8379,0
299,4348,1
300,215,1
301,4122,1
302,3538,0
303,2717,1
304,2182,1
305,1734,1
306,10533,1
307,7328,0
308,6888,0
309,8596,0
310,4461,1
311,2922,1
312,2593,1
313,5530,0
314,6449,0
315,9899,0
316,10010,1
317,469,1
318,1687,1
319,1035,1
320,1865,1
321,9449,1
322,261,1
323,5934,0
324,8230,0
325,1464,1
326,2336,1
327,10360,1
328,8692,0
329,9395,1
330,4611,1
331,6254,1
332,6991,0
333,7713,0
334,10780,0
335,3695,0
336,2128,1
337,8395,0
338,6630,0
339,3687,0
340,10769,1
341,2490,1
342,1999,1
343,2355,1
344,1216,1
345,8394,0
346,9950,0
347,8627,1
348,1904,1
349,7360,0
350,3297,0
351,2753,1
352,4925,1
353,5335,0
354,4904,0
355,2705,1
356,9309,1
357,5157,0
358,4341,0
359,8234,0
360,5250,0
361,9175,0
362,4467,0
363,3249,0
364,3042,1
365,3421,0
366,6155,0
367,27,1
368,9202,0
369,9654,1
370,583,1
371,210,1
372,8778,1
373,3223,0
374,9454,0
375,3859,0
376,9325,0
377,5014,1
378,5902,1
379,10664,1
380,7075,0
381,3740,0
382,8836,1
383,7145,0
384,1977,1
385,7933,0
386,3279,1
387,4563,0
388,7104,1
389,8434,1
390,4003,1
391,8817,1
392,3121,1
393,9778,0
394,8341,0
395,5016,1
396,4392,1
397,1259,1
398,1359,1
399,7679,0
400,3186,0
401,186,1
402,21,1
403,2188,1
404,1174,1
405,9936,0
406,403,1
407,1809,1
408,4139,0
409,6929,0
410,9826,0
411,6934,0
412,715,1
413,4816,1
414,7174,0
415,8069,1
416,1008,1
417,3515,1
418,1946,1
419,6973,0
420,3158,0
421,6975,1
422,10405,0
423,7016,0
424,3040,1
425,6293,0
426,10697,1
427,9412,0
428,2312,1
429,7269,1
430,7490,0
431,9338,1
432,1995,1
433,5887,1
434,3535,1
435,1971,1
436,2450,1
437,748,1
438,4090,1
439,6981,0
440,4491,1
441,6613,0
442,4826,0
443,5571,0
444,9049,0
445,1080,1
446,10673,1
447,5879,1
448,5862,1
449,511,1
450,2453,1
451,10485,0
452,6816,1
453,3199,1
454,6637,1
455,265,0
456,7690,0
457,224,1
458,9002,1
459,8620,1
460,1133,1
461,5680,0
462,1949,1
463,5677,0
464,7501,0
465,6201,1
466,6859,0
467,7234,1
468,8351,0
469,8846,0
470,8339,0
471,8096,1
472,5544,1
473,7448,1
474,7515,1
475,6656,1
476,863,1
477,3514,1
478,4308,0
479,9680,1
480,9336,0
481,195,1
482,7734,0
483,8767,0
484,4163,1
485,3685,0
486,1744,1
487,496,1
488,9519,0
489,9573,0
490,9027,0
491,1417,1
492,5493,0
493,5612,1
494,2166,1
495,9793,0
496,6792,1
497,9143,1
498,6645,0
499,9123,0
500,8171,0
501,1256,1
502,2881,1
503,9769,0
504,8340,0
505,6682,1
506,3613,0
507,4961,1
508,7548,1
509,4507,0
510,1190,1
511,9227,1
512,8683,0
513,6208,0
514,548,1
515,4747,1
516,10585,1
517,969,1
518,9828,0
519,6088,0
520,2539,1
521,5485,0
522,4415,0
523,1286,1
524,8636,0
525,4259,1
526,800,1
527,2016,1
528,2288,1
529,5183,0
530,7851,0
531,10744,0
532,1434,1
533,7620,1
534,5248,0
535,3801,0
536,6906,0
537,2612,1
538,3864,1
539,8028,0
540,10137,0
541,4982,0
542,1260,1
543,9341,1
544,7454,0
545,9624,0
546,7206,0
547,9515,0
548,4834,1
549,1101,1
550,5524,1
551,5395,0
552,2297,1
553,8906,0
554,10946,1
555,6937,0
556,1868,1
557,837,1
558,3710,1
559,9082,0
560,1500,1
561,6291,1
562,5679,1
563,6340,0
564,8830,0
565,2146,1
566,8225,0
567,10717,1
568,8783,1
569,4394,0
570,3102,1
571,10126,0
572,1579,1
573,852,1
574,6014,1
575,8147,1
576,7570,1
577,6163,0
578,10068,0
579,825,1
580,3143,0
581,6898,1
582,8016,1
583,1702,1
584,2551,1
585,6087,0
586,6241,0
587,87,1
588,2102,1
589,1262,1
590,7065,0
591,624,1
592,1077,1
593,4241,0
594,8681,0
595,6636,0
596,10918,1
597,6696,0
598,3978,1
599,3684,1
600,7014,0
601,7409,0
602,6113,0
603,6063,0
604,9638,0
605,1953,1
606,4442,0
607,8202,0
608,10302,0
609,7285,0
610,6988,0
611,5351,1
612,9250,0
613,1064,1
614,5245,0
615,2071,1
616,7866,0
617,4993,0
618,7773,0
619,10163,1
620,505,1
621,7250,1
622,2874,1
623,1399,1
624,8000,1
625,4622,0
626,958,1
627,9109,0
628,1119,1
629,413,1
630,10073,0
631,5303,1
632,3730,1
633,4783,1
634,2381,1
635,7137,0
636,3865,0
637,5830,0
638,7717,0
639,7926,1
640,7528,0
641,8322,0
642,2701,1
643,5185,0
644,347,1
645,5683,0
646,10250,0
647,7638,0
648,8249,0
649,5809,0
650,230,1
651,7089,0
652,7182,0
653,2375,1
654,10524,0
655,2552,1
656,6094,0
657,1764,1
658,10445,0
659,674,1
660,10944,0
661,7772,0
662,8797,0
663,3477,0
664,6496,1
665,6707,1
666,5619,0
667,9623,1
668,9523,0
669,9684,1
670,5861,0
671,4350,0
672,5844,1
673,8695,0
674,1083,1
675,7558,0
676,9260,0
677,6957,0
678,565,1
679,6299,0
680,3919,0
681,9451,0
682,4336,1
683,3401,0
684,6531,0
685,459,1
686,321,1
687,10364,1
688,3976,0
689,528,1
690,1010,1
691,9401,0
692,2014,1
693,8089,1
694,5173,0
695,10706,1
696,6610,0
697,1467,1
698,5292,0
699,280,1
700,4367,1
701,7080,0
702,3705,1
703,7354,0
704,3768,0
705,1673,1
706,10897,0
707,1165,1
708,8113,0
709,6992,0
710,7910,1
711,10645,0
712,8649,0
713,2521,1
714,5448,0
715,4278,1
716,2063,1
717,9023,1
718,8327,0
719,1668,1
720,3198,1
721,5102,1
722,9300,0
723,2749,1
724,8274,1
725,10700,1
726,6268,0
727,9124,0
728,2190,1
729,9971,0
730,10861,0
731,546,1
732,4137,0
733,10558,1
734,3364,1
735,5025,1
736,4742,0
737,6434,0
738,7714,1
739,3348,0
740,8360,0
741,3882,0
742,9224,0
743,8809,0
744,3546,1
745,1562,1
746,5314,1
747,2738,1
748,6628,0
749,9457,0
750,5325,1
751,6048,0
752,9964,1
753,5566,0
754,4167,0
755,6263,1
756,10093,0
757,10266,1
758,7846,0
759,10147,0
760,10356,0
761,10245,1
762,7053,0
763,1922,1
764,643,1
765,2408,1
766,6304,1
767,1134,1
768,6357,1
769,1249,1
770,3844,1
771,10023,0
772,9287,1
773,3508,0
774,1775,1
775,10661,0
776,9262,0
777,4496,0
778,10521,0
779,7576,0
780,2338,1
781,4558,1
782,2169,1
783,6879,0
784,2561,1
785,1747,1
786,3517,0
787,8568,1
788,9241,0
789,3744,0
790,6543,1
791,1091,1
792,4446,0
793,7727,0
794,9429,0
795,10520,0
796,8956,0
797,5066,1
798,9106,0
799,6067,1
800,8407,1
801,5371,0
802,10795,1
803,1100,1
804,5036,1
805,5479,0
806,7996,1
807,3664,0
808,478,1
809,5718,0
810,6213,1
811,1098,1
812,6221,1
813,5447,0
814,562,1
815,5805,1
816,1439,1
817,8102,0
818,7791,0
819,8076,0
820,1778,1
821,1102,1
822,89,1
823,43,1
824,2654,1
825,5048,1
826,10070,0
827,3203,0
828,2257,1
829,4586,0
830,8393,1
831,5807,1
832,9752,1
833,239,1
834,5821,0
835,8637,1
836,5372,0
837,6684,0
838,1857,1
839,3170,1
840,8088,0
841,1007,1
842,10324,1
843,4000,0
844,672,1
845,9288,0
846,3988,0
847,9581,0
848,1043,1
849,9799,0
850,173,1
851,4339,0
852,6799,0
853,1568,1
854,9235,1
855,2178,1
856,6778,0
857,383,1
858,6649,1
859,6471,1
860,1442,1
861,2460,1
862,10145,1
863,5540,0
864,3726,0
865,406,1
866,8231,0
867,7984,0
868,1115,1
869,5246,0
870,10566,0
871,3900,1
872,8383,0
873,7132,0
874,333,1
875,7473,0
876,4945,0
877,10714,1
878,10759,1
879,7474,1
880,1290,0
881,8845,1
882,6137,0
883,1749,1
884,7888,0
885,10448,0
886,3531,1
887,903,1
888,6211,0
889,10613,1
890,5713,1
891,8262,0
892,3069,1
893,2787,1
894,8539,0
895,4735,1
896,1141,1
897,7219,0
898,7148,0
899,4843,0
900,931,1
901,10627,0
902,3187,0
903,9561,0
904,4103,0
905,5202,0
906,3925,0
907,7994,0
908,10703,1
909,5541,0
910,3524,0
911,4468,0
912,158,1
913,10517,0
914,10634,0
915,7533,0
916,2499,1
917,8270,1
918,10176,0
919,6104,0
920,3896,1
921,2019,1
922,10636,0
923,10254,0
924,7033,0
925,6755,1
926,8362,0
927,1229,1
928,551,1
929,3516,0
930,10337,1
931,6456,0
932,8430,0
933,8733,0
934,8570,1
935,7253,0
936,3189,1
937,3805,0
938,2695,1
939,9145,0
940,3084,1
941,8159,1
942,3850,0
943,1017,1
944,2240,1
945,1714,1
946,8640,1
947,5646,0
948,177,1
949,7470,1
950,6385,0
951,3591,1
952,5027,0
953,8561,1
954,4370,0
955,7937,1
956,1509,1
957,4458,0
958,3574,0
959,6780,1
960,3700,0
961,951,1
962,10425,1
963,6823,1
964,6069,0
965,7032,0
966,695,1
967,10586,1
968,7660,0
969,432,1
970,9479,1
971,5338,1
972,2428,1
973,5936,0
974,3961,0
975,5280,0
976,4266,0
977,4151,1
978,97,1
979,8461,0
980,6629,1
981,10502,1
982,2788,1
983,10746,0
984,8433,0
985,1980,1
986,4211,1
987,6884,1
988,7898,0
989,7815,1
990,3468,0
991,10374,0
992,3973,0
993,8436,0
994,10101,0
995,5609,1
996,389,1
997,8607,0
998,2491,1
999,3443,0
1000,7859,1
1001,10815,1
1002,6736,0
1003,6530,0
1004,9999,0
1005,378,1
1006,7251,0
1007,2876,1
1008,468,1
1009,1632,1
1010,1890,1
1011,10022,1
1012,4627,1
1013,3083,1
1014,8787,0
1015,8048,0
1016,7543,0
1017,2722,1
1018,8901,1
1019,6235,0
1020,1662,1
1021,10984,1
1022,240,1
1023,8545,1
1024,1330,1
1025,6673,0
1026,2850,1
1027,3379,0
1028,10814,0
1029,9734,1
1030,7010,0
1031,8027,1
1032,594,1
1033,9299,0
1034,2872,1
1035,7841,0
1036,9164,0
1037,4478,0
1038,3606,1
1039,9100,1
1040,5495,1
1041,9371,1
1042,10995,0
1043,1699,1
1044,446,1
1045,5209,0
1046,5811,0
1047,6875,1
1048,10577,0
1049,5302,1
1050,9282,1
1051,1820,1
1052,3016,1
1053,4205,1
1054,8204,1
1055,243,1
1056,7858,1
1057,3789,0
1058,190,1
1059,10097,0
1060,2376,1
1061,10830,0
1062,666,1
1063,1564,1
1064,8409,1
1065,7951,1
1066,3830,1
1067,7103,0
1068,4908,0
1069,4584,0
1070,6468,1
1071,7238,0
1072,10079,0
1073,4462,0
1074,9026,0
1075,10407,0
1076,9780,0
1077,5681,0
1078,926,1
1079,2259,1
1080,6021,0
1081,10280,0
1082,5094,0
1083,7991,0
1084,5422,1
1085,6855,1
1086,5231,1
1087,6144,0
1088,5639,0
1089,3696,0
1090,9383,1
1091,9203,1
1092,7666,1
1093,6171,0
1094,400,1
1095,8079,0
1096,3350,0
1097,154,1
1098,9339,0
1099,2653,1
1100,927,1
1101,9422,1
1102,3471,1
1103,10499,1
1104,7736,1
1105,1698,1
1106,9323,1
1107,10440,0
1108,922,1
1109,2780,1
1110,2111,1
1111,6461,1
1112,1163,1
1113,3340,0
1114,2829,1
1115,10879,1
1116,4538,1
1117,5596,1
1118,2621,1
1119,2223,1
1120,5614,0
1121,1316,1
1122,5663,0
1123,3776,0
1124,6315,0
1125,5497,0
1126,1376,1
1127,2883,1
1128,4260,0
1129,1772,1
1130,10860,0
1131,1858,1
1132,1834,1
1133,5323,0
1134,1380,1
1135,10775,1
1136,2956,1
1137,99,1
1138,6162,1
1139,2528,1
1140,8776,0
1141,5181,0
1142,8924,1
1143,6598,1
1144,8785,1
1145,10149,0
1146,10488,0
1147,10075,0
1148,3639,0
1149,7265,0
1150,6112,0
1151,6023,0
1152,6761,0
1153,6216,1
1154,7282,0
1155,7782,1
1156,3829,1
1157,4376,0
1158,8258,0
1159,9557,0
1160,5201,1
1161,2256,1
1162,793,1
1163,9152,0
1164,8263,1
1165,7560,1
1166,1222,1
1167,6458,0
1168,9431,1
1169,4963,1
1170,9166,1
1171,4575,1
1172,6352,0
1173,8485,0
1174,2957,1
1175,9149,1
1176,9536,1
1177,10255,0
1178,2863,1
1179,8207,0
1180,1682,1
1181,5662,0
1182,3105,1
1183,8464,0
1184,786,1
1185,10444,1
1186,2888,1
1187,9118,1
1188,7489,0
1189,3637,0
1190,5029,1
1191,5554,0
1192,7159,0
1193,9521,0
1194,5337,0
1195,4603,0
1196,935,1
1197,7001,0
1198,5729,0
1199,7208,0
1200,5341,1
1201,6091,0
1202,7995,0
1203,10410,0
1204,7719,1
1205,3156,0
1206,3526,0
1207,8199,1
1208,1905,1
1209,6767,1
1210,10080,1
1211,1755,0
1212,6734,0
1213,1765,1
1214,7507,0
1215,784,1
1216,581,1
1217,5847,0
1218,1365,1
1219,9298,0
1220,8463,0
1221,5597,1
1222,3871,0
1223,8378,0
1224,2603,1
1225,6301,0
1226,6759,1
1227,5469,0
1228,8504,0
1229,9085,1
1230,7264,0
1231,751,1
1232,5558,0
1233,4668,0
1234,3822,0
1235,4483,0
1236,3505,0
1237,9880,1
1238,3901,0
1239,5983,0
1240,8927,0
1241,8958,0
1242,1225,1
1243,3802,0
1244,9074,0
1245,5481,0
1246,3681,0
1247,9921,0
1248,3139,0
1249,2013,1
1250,2720,1
1251,16,1
1252,4842,1
1253,5137,0
1254,4179,1
1255,6207,0
1256,2951,0
1257,7347,0
1258,8577,0
1259,4942,0
1260,5743,0
1261,9940,1
1262,10040,1
1263,652,1
1264,1248,1
1265,713,1
1266,6396,0
1267,10828,0
1268,1811,1
1269,6073,0
1270,1078,1
1271,7414,1
1272,6180,0
1273,9613,1
1274,1016,1
1275,8311,0
1276,3878,1
1277,303,1
1278,747,1
1279,3910,0
1280,2292,1
1281,3924,1
1282,3819,1
1283,4091,1
1284,1431,1
1285,8421,0
1286,3513,0
1287,6215,0
1288,7177,1
1289,6116,1
1290,9256,1
1291,9604,0
1292,7262,1
1293,10339,0
1294,7696,0
1295,1722,1
1296,7445,1
1297,4571,0
1298,8622,1
1299,5387,0
1300,3977,1
1301,9101,0
1302,4637,1
1303,9104,1
1304,4145,1
1305,2505,1
1306,4775,0
1307,9099,0
1308,6587,1
1309,10367,1
1310,6843,0
1311,6739,0
1312,4901,0
1313,3868,0
1314,4636,1
1315,9063,0
1316,8972,1
1317,7627,0
1318,9783,1
1319,5576,0
1320,6105,1
1321,10285,0
1322,2752,1
1323,2989,1
1324,9527,1
1325,5402,0
1326,2180,1
1327,8269,0
1328,8693,0
1329,10449,0
1330,10433,0
1331,3662,1
1332,31,1
1333,1614,1
1334,2094,1
1335,3392,1
1336,8867,0
1337,9135,0
1338,2841,1
1339,5852,0
1340,5018,0
1341,370,1
1342,8754,0
1343,5970,1
1344,7738,1
1345,3818,0
1346,5125,1
1347,4026,0
1348,3578,1
1349,2134,1
1350,2522,1
1351,3245,1
1352,2090,1
1353,6379,0
1354,5376,1
1355,3465,0
1356,2002,1
1357,8965,0
1358,9212,0
1359,9833,0
1360,10722,1
1361,7742,0
1362,4364,0
1363,9467,1
1364,3432,0
1365,7220,0
1366,2515,1
1367,6625,1
1368,8390,0
1369,2172,1
1370,2636,1
1371,731,1
1372,7513,0
1373,9717,0
1374,6856,0
1375,4427,0
1376,9701,0
1377,8059,0
1378,8882,0
1379,480,1
1380,3938,1
1381,3772,0
1382,6885,1
1383,3608,0
1384,2870,1
1385,7306,1
1386,2673,1
1387,8255,0
1388,4514,1
1389,386,1
1390,4438,0
1391,9841,0
1392,6160,1
1393,3940,0
1394,6757,0
1395,4109,0
1396,9935,0
1397,4466,1
1398,906,1
1399,6174,1
1400,6716,0
1401,939,1
1402,9070,0
1403,10414,0
1404,10317,0
1405,2643,1
1406,3263,1
1407,6131,1
1408,4274,1
1409,3116,1
1410,6919,1
1411,9980,1
1412,5859,1
1413,728,1
1414,9759,1
1415,6900,1
1416,82,1
1417,8308,0
1418,7983,1
1419,9331,1
1420,8701,1
1421,7361,0
1422,8279,0
1423,8708,0
1424,5004,0
1425,3954,0
1426,2456,1
1427,8168,1
1428,1398,1
1429,1851,1
1430,4431,0
1431,3104,1
1432,9218,1
1433,4818,1
1434,9608,1
1435,5107,0
1436,3596,0
1437,10260,0
1438,834,1
1439,402,1
1440,8779,1
1441,9189,0
1442,9255,0
1443,8813,1
1444,392,1
1445,10525,0
1446,10199,0
1447,2557,1
1448,1181,1
1449,1670,1
1450,10426,1
1451,9813,0
1452,5584,0
1453,325,1
1454,10602,0
1455,10172,1
1456,8056,1
1457,10055,0
1458,9791,0
1459,3403,0
1460,8702,0
1461,64,1
1462,6617,1
1463,7804,1
1464,6140,0
1465,1965,1
1466,10115,0
1467,3059,1
1468,4297,1
1469,9737,1
1470,1429,1
1471,6866,0
1472,4429,0
1473,9352,1
1474,7141,1
1475,4701,0
1476,3709,0
1477,1308,1
1478,4015,0
1479,10581,0
1480,10474,0
1481,5207,1
1482,3559,0
1483,5722,0
1484,3649,0
1485,8184,1
1486,1526,1
1487,6406,0
1488,7020,0
1489,1697,1
1490,2303,1
1491,9130,0
1492,9611,1
1493,5966,1
1494,2979,1
1495,6623,1
1496,2413,1
1497,5317,0
1498,47,1
1499,723,1
1500,1068,1
1501,4021,0
1502,3540,0
1503,4333,0
1504,3141,1
1505,1985,1
1506,8955,1
1507,8382,0
1508,7178,0
1509,4471,0
1510,10397,1
1511,2567,1
1512,4323,0
1513,10696,0
1514,3777,1
1515,9798,0
1516,2862,1
1517,5252,0
1518,7768,0
1519,5230,1
1520,9134,0
1521,8877,0
1522,6153,0
1523,10072,1
1524,538,1
1525,5690,0
1526,7249,0
1527,5435,0
1528,5545,0
1529,1475,1
1530,1664,1
1531,1006,1
1532,2044,1
1533,2,1
1534,6715,1
1535,3782,1
1536,10,1
1537,4773,0
1538,3982,0
1539,1956,1
1540,8616,0
1541,8355,0
1542,3360,0
1543,3923,0
1544,6482,1
1545,3714,1
1546,10522,0
1547,3052,1
1548,3450,0
1549,1063,1
1550,3285,0
1551,10720,1
1552,1009,1
1553,1465,1
1554,4337,1
1555,7654,0
1556,10159,1
1557,1760,1
1558,3173,0
1559,1817,1
1560,5142,0
1561,8116,0
1562,6487,1
1563,8540,0
1564,8278,0
1565,3851,0
1566,5739,0
1567,95,1
1568,6804,0
1569,2583,1
1570,1743,1
1571,7672,0
1572,3545,1
1573,10644,0
1574,6969,0
1575,2858,1
1576,7498,1
1577,2374,1
1578,9763,0
1579,7057,0
1580,758,1
1581,8240,1
1582,10949,1
1583,3697,0
1584,1685,1
1585,9180,1
1586,4741,0
1587,10372,1
1588,5912,0
1589,7667,1
1590,6627,0
1591,4116,0
1592,3861,0
1593,5737,0
1594,2306,1
1595,4231,1
1596,6135,0
1597,1123,1
1598,7135,0
1599,5474,0
1600,9767,0
1601,9125,1
1602,6261,1
1603,6931,1
1604,6520,1
1605,7810,0
1606,1383,1
1607,5836,1
1608,3986,1
1609,10278,0
1610,1473,1
1611,7941,1
1612,9375,1
1613,2789,1
1614,4041,0
1615,3920,1
1616,2229,1
1617,1885,1
1618,7557,1
1619,552,1
1620,2196,1
1621,156,1
1622,1903,1
1623,7477,1
1624,2965,1
1625,7186,1
1626,10695,0
1627,8520,0
1628,2751,1
1629,297,1
1630,7953,0
1631,3753,0
1632,7237,0
1633,6360,0
1634,4216,1
1635,5358,0
1636,10530,0
1637,462,1
1638,995,1
1639,10358,0
1640,8933,0
1641,6535,0
1642,9843,0
1643,5253,1
1644,567,1
1645,8483,0
1646,8019,1
1647,10674,1
1648,9834,0
1649,10494,0
1650,610,1
1651,439,1
1652,2393,1
1653,4414,0
1654,1578,1
1655,9903,0
1656,302,1
1657,2322,1
1658,10160,1
1659,8744,0
1660,7241,1
1661,2684,1
1662,5193,0
1663,155,1
1664,5947,1
1665,9917,0
1666,10764,0
1667,9140,0
1668,4153,0
1669,5083,0
1670,2596,1
1671,2600,1
1672,2746,1
1673,818,1
1674,9993,1
1675,3991,0
1676,5960,0
1677,4115,0
1678,3238,0
1679,7968,0
1680,7591,0
1681,4830,0
1682,2495,1
1683,1691,1
1684,2811,1
1685,3992,1
1686,1121,1
1687,10362,0
1688,2474,1
1689,8101,0
1690,5742,1
1691,8536,0
1692,8775,0
1693,4618,0
1694,2958,1
1695,8583,1
1696,6187,0
1697,1659,1
1698,232,1
1699,4132,1
1700,3541,0
1701,5432,0
1702,3029,1
1703,5089,0
1704,3219,1
1705,7160,1
1706,9313,0
1707,9755,1
1708,6249,0
1709,10623,0
1710,2407,1
1711,10389,1
1712,422,1
1713,10832,0
1714,10246,0
1715,2523,1
1716,3107,1
1717,5127,0
1718,6592,1
1719,8473,0
1720,2889,1
1721,6725,1
1722,9208,0
1723,3522,0
1724,9509,1
1725,716,1
1726,8968,0
1727,7797,0
1728,8190,1
1729,9043,0
1730,4033,1
1731,381,1
1732,9922,0
1733,4572,0
1734,5849,0
1735,1877,1
1736,7538,0
1737,7730,0
1738,2021,1
1739,3791,0
1740,2171,1
1741,6555,0
1742,9962,1
1743,5628,1
1744,3914,0
1745,2445,1
1746,8973,0
1747,757,1
1748,908,1
1749,7907,0
1750,8745,0
1751,4839,1
1752,10064,1
1753,10902,0
1754,10999,1
1755,4905,0
1756,1000,1
1757,2289,1
1758,10095,1
1759,1039,1
1760,3402,0
1761,4523,1
1762,4784,0
1763,7726,0
1764,10523,1
1765,1954,1
1766,3690,0
1767,3719,1
1768,2750,1
1769,7697,1
1770,8989,0
1771,3221,0
1772,10368,0
1773,8892,1
1774,6337,1
1775,329,1
1776,2278,1
1777,7018,1
1778,7446,0
1779,6698,1
1780,5108,0
1781,3006,1
1782,613,1
1783,9156,0
1784,237,1
1785,203,1
1786,453,1
1787,2544,1
1788,4250,0
1789,6904,0
1790,645,1
1791,10400,1
1792,8092,0
1793,3520,1
1794,9770,1
1795,8374,0
1796,6138,0
1797,2759,1
1798,10913,1
1799,5782,1
1800,706,1
1801,7272,0
1802,10269,0
1803,6353,0
1804,3094,1
1805,5551,0
1806,4251,0
1807,9028,0
1808,4923,1
1809,7376,1
1810,5703,0
1811,5381,0
1812,5212,0
1813,116,1
1814,10652,1
1815,1936,1
1816,4479,0
1817,5839,0
1818,4271,1
1819,8050,1
1820,41,1
1821,8020,1
1822,9006,1
1823,3294,0
1824,7235,0
1825,9678,1
1826,7974,0
1827,5650,0
1828,7767,0
1829,769,1
1830,1421,1
1831,7318,0
1832,8402,0
1833,3966,0
1834,316,1
1835,8576,1
1836,1602,1
1837,9689,0
1838,3543,0
1839,591,1
1840,5011,0
1841,4317,1
1842,2320,1
1843,8655,1
1844,5333,1
1845,10678,0
1846,9322,0
1847,990,1
1848,3939,1
1849,10662,0
1850,2476,1
1851,10019,0
1852,9204,0
1853,10432,0
1854,3542,0
1855,1310,1
1856,3005,1
1857,3980,1
1858,2796,1
1859,7274,0
1860,3931,0
1861,9925,0
1862,8271,1
1863,1898,1
1864,1025,1
1865,8721,0
1866,6464,0
1867,9283,0
1868,1726,1
1869,495,1
1870,1145,1
1871,7614,1
1872,3732,0
1873,4617,0
1874,426,1
1875,5243,1
1876,2008,1
1877,10641,1
1878,8189,1
1879,1451,1
1880,2576,1
1881,3351,0
1882,9092,1
1883,8664,1
1884,146,1
1885,340,1
1886,9291,0
1887,10387,1
1888,2017,1
1889,9706,0
1890,1727,1
1891,4732,0
1892,9758,1
1893,9091,0
1894,6672,1
1895,10384,1
1896,6693,0
1897,1974,1
1898,10743,1
1899,5010,1
1900,8559,0
1901,8493,0
1902,8705,1
1903,9674,1
1904,2779,1
1905,1264,1
1906,6568,1
1907,4529,1
1908,3275,0
1909,9951,0
1910,4276,0
1911,1197,1
1912,9108,0
1913,5118,1
1914,10378,1
1915,5636,1
1916,9154,0
1917,10961,1
1918,2648,1
1919,10289,1
1920,1230,1
1921,10471,1
1922,4862,0
1923,584,1
1924,1805,1
1925,914,1
1926,8215,0
1927,5938,0
1928,2357,1
1929,1709,1
1930,2050,1
1931,7583,0
1932,2837,1
1933,7754,0
1934,4351,1
1935,5795,1
1936,2273,1
1937,4605,0
1938,1533,1
1939,3964,0
1940,4917,0
1941,488,1
1942,1649,1
1943,4837,0
1944,7000,1
1945,5444,0
1946,5617,0
1947,10680,1
1948,9695,0
1949,8468,1
1950,9977,1
1951,1989,1
1952,1079,1
1953,8066,0
1954,6462,1
1955,6117,0
1956,4012,0
1957,9506,0
1958,1139,1
1959,1195,1
1960,1619,1
1961,1060,1
1962,8002,1
1963,9817,0
1964,8757,0
1965,9307,0
1966,15,1
1967,9585,0
1968,3208,0
1969,10691,0
1970,2065,1
1971,7786,1
1972,1646,1
1973,5749,0
1974,7301,1
1975,10852,0
1976,4929,1
1977,7801,0
1978,6401,1
1979,7981,0
1980,8603,0
1981,5403,0
1982,8111,1
1983,9311,0
1984,707,1
1985,630,1
1986,6022,1
1987,10292,1
1988,9400,0
1989,9953,1
1990,1947,1
1991,4255,0
1992,10868,1
1993,10417,0
1994,740,1
1995,4489,0
1996,10596,0
1997,8567,1
1998,10777,1
1999,2986,1
2000,3339,0
2001,1735,1
2002,4247,0
2003,4876,0
2004,9394,1
2005,10066,0
2006,3625,0
2007,9715,1
2008,10693,1
2009,6586,0
2010,5908,0
2011,3310,1
2012,5758,1
2013,5446,0
2014,4997,0
2015,10748,1
2016,9804,1
2017,10161,1
2018,1020,1
2019,6646,1
2020,8995,0
2021,3616,0
2022,4746,0
2023,5574,0
2024,9973,0
2025,6833,1
2026,3583,0
2027,3554,0
2028,2097,1
2029,625,1
2030,2988,0
2031,3742,0
2032,10371,0
2033,10297,1
2034,8982,1
2035,789,1
2036,2221,1
2037,3539,1
2038,3377,0
2039,5984,0
2040,1364,1
2041,5931,0
2042,2079,1
2043,10283,1
2044,8226,0
2045,2995,1
2046,4787,1
2047,10307,1
2048,6545,0
2049,8508,0
2050,4025,1
2051,608,1
2052,5898,0
2053,7931,1
2054,8609,0
2055,6880,1
2056,10779,0
2057,9960,1
2058,8114,1
2059,6172,1
2060,4182,0
2061,6731,0
2062,8123,0
2063,10380,1
2064,9499,1
2065,1173,1
2066,7536,1
2067,6678,0
2068,2527,1
2069,4541,1
2070,4283,0
2071,9948,1
2072,9532,0
2073,4914,1
2074,1202,1
2075,10916,1
2076,5227,0
2077,226,1
2078,9066,0
2079,5552,1
2080,6980,0
2081,9975,1
2082,9697,1
2083,6147,0
2084,5905,0
2085,5440,0
2086,6933,0
2087,263,1
2088,8509,1
2089,7809,0
2090,10123,0
2091,2709,1
2092,4754,0
2093,7853,1
2094,5439,0
2095,10089,0
2096,2231,1
2097,9583,0
2098,3370,0
2099,9035,1
2100,10600,0
2101,10698,0
2102,7998,0
2103,8024,1
2104,848,1
2105,2424,1
2106,7993,1
2107,9473,1
2108,2163,1
2109,9147,1
2110,1164,1
2111,65,1
2112,9800,1
2113,3551,0
2114,4310,0
2115,1192,1
2116,7100,1
2117,1166,1
2118,8082,0
2119,465,1
2120,9645,0
2121,4980,0
2122,4677,0
2123,3821,1
2124,5170,0
2125,9775,1
2126,3261,0
2127,8963,1
2128,8049,0
2129,8467,1
2130,4059,0
2131,5918,1
2132,10660,1
2133,1334,1
2134,4396,0
2135,1881,1
2136,10957,0
2137,9502,0
2138,1717,1
2139,5561,0
2140,709,1
2141,9150,0
2142,3282,0
2143,8602,0
2144,4196,1
2145,1522,1
2146,3447,0
2147,1783,1
2148,9878,0
2149,1770,1
2150,3232,0
2151,3459,0
2152,2894,1
2153,1582,1
2154,3008,1
2155,2290,1
2156,8589,0
2157,8307,0
2158,3378,1
2159,4114,0
2160,5801,1
2161,10663,1
2162,1976,1
2163,7197,0
2164,804,1
2165,4854,1
2166,8755,0
2167,435,1
2168,4230,0
2169,5620,0
2170,5560,0
2171,2216,1
2172,6597,0
2173,8591,1
2174,10162,0
2175,6272,1
2176,1331,1
2177,2860,1
2178,1676,1
2179,1088,1
2180,7700,1
2181,7406,1
2182,3985,1
2183,77,1
2184,1304,1
2185,1501,1
2186,5622,0
2187,10420,0
2188,5135,1
2189,1159,1
2190,8937,1
2191,5355,0
2192,5963,0
2193,6463,0
2194,7549,0
2195,2032,1
2196,5687,1
2197,5649,0
2198,2055,1
2199,726,1
2200,3349,0
2201,2545,1
2202,3780,1
2203,756,1
2204,9846,1
2205,5691,0
2206,10239,1
2207,5733,0
2208,8272,1
2209,2827,1
2210,10173,1
2211,6108,0
2212,6065,0
2213,8812,0
2214,8280,1
2215,8866,1
2216,3231,0
2217,5600,0
2218,9453,0
2219,6460,0
2220,5629,0
2221,5591,0
2222,8919,1
2223,2624,1
2224,4642,1
2225,7956,1
2226,2548,1
2227,8127,0
2228,7225,1
2229,5514,1
2230,3499,0
2231,878,1
2232,3941,1
2233,10241,1
2234,3979,0
2235,6735,0
2236,10813,0
2237,7444,0
2238,2799,1
2239,6346,1
2240,5126,0
2241,5772,1
2242,6064,0
2243,781,1
2244,3552,0
2245,5776,0
2246,9081,0
2247,2518,1
2248,7752,1
2249,3747,0
2250,3713,0
2251,8574,0
2252,4652,0
2253,3100,1
2254,7031,1
2255,2494,1
2256,272,1
2257,519,1
2258,6085,0
2259,1555,1
2260,2710,1
2261,1391,1
2262,7310,1
2263,3317,1
2264,2075,1
2265,1277,1
2266,8678,0
2267,3803,1
2268,3677,0
2269,3512,1
2270,7803,0
2271,5211,0
2272,3994,0
2273,10185,0
2274,1998,1
2275,2625,1
2276,1246,1
2277,9294,1
2278,3945,1
2279,7126,0
2280,5689,0
2281,1474,1
2282,90,1
2283,5165,1
2284,1053,1
2285,3704,0
2286,830,1
2287,4551,1
2288,7386,1
2289,20,1
2290,7593,0
2291,9545,0
2292,6273,0
2293,8978,0
2294,2857,1
2295,10845,0
2296,4828,0
2297,6446,0
2298,6246,1
2299,3600,0
2300,8699,1
2301,2115,1
2302,2558,1
2303,8119,0
2304,8880,0
2305,10300,0
2306,4556,1
2307,4398,0
2308,9705,0
2309,6030,1
2310,3434,0
2311,1763,1
2312,4273,0
2313,6250,0
2314,7134,1
2315,1489,1
2316,7403,0
2317,3946,0
2318,5359,0
2319,7395,0
2320,9560,0
2321,9531,1
2322,9553,0
2323,3086,1
2324,9679,0
2325,10742,0
2326,6796,0
2327,2680,1
2328,8614,0
2329,7380,1
2330,537,1
2331,8205,1
2332,2905,1
2333,3845,0
2334,1168,1
2335,9655,0
2336,5158,0
2337,2848,1
2338,4646,1
2339,4038,0
2340,5392,0
2341,2207,1
2342,7864,0
2343,5557,1
2344,2784,1
2345,5810,1
2346,10053,1
2347,7111,0
2348,9643,0
2349,5336,0
2350,5457,1
2351,10091,1
2352,4232,0
2353,7323,0
2354,6452,0
2355,2685,1
2356,193,1
2357,10529,0
2358,5006,0
2359,9317,0
2360,5766,0
2361,8794,0
2362,1742,1
2363,7640,0
2364,5815,0
2365,6000,1
2366,4719,0
2367,2769,1
2368,8243,0
2369,8228,0
2370,7703,0
2371,6181,0
2372,4781,1
2373,2034,1
2374,2364,1
2375,8923,1
2376,669,1
2377,5860,0
2378,7684,1
2379,8949,1
2380,1723,1
2381,3618,1
2382,871,1
2383,3065,1
2384,10964,1
2385,8211,0
2386,5740,1
2387,8663,1
2388,4509,0
2389,952,1
2390,84,1
2391,4100,0
2392,5725,1
2393,1251,1
2394,8453,1
2395,3549,0
2396,8855,1
2397,10658,1
2398,6307,1
2399,10907,1
2400,4776,0
2401,8942,0
2402,3132,1
2403,5065,0
2404,5547,1
2405,628,1
2406,8780,1
2407,4675,0
2408,9858,1
2409,5731,0
2410,6086,0
2411,9952,0
2412,1573,1
2413,9344,0
2414,8039,0
2415,10977,1
2416,9562,1
2417,10001,0
2418,9835,1
2419,7534,0
2420,8246,0
2421,3323,1
2422,1469,1
2423,1321,1
2424,4639,0
2425,9065,1
2426,6517,0
2427,8154,0
2428,1893,1
2429,8971,0
2430,5971,0
2431,163,1
2432,6010,0
2433,3766,0
2434,5092,0
2435,4865,0
2436,299,1
2437,1407,1
2438,2674,1
2439,3995,1
2440,6016,0
2441,8177,0
2442,2595,1
2443,9252,1
2444,7336,0
2445,8134,0
2446,8157,0
2447,10709,0
2448,4971,0
2449,5008,0
2450,2865,1
2451,1924,1
2452,4751,1
2453,9815,1
2454,1497,1
2455,6849,1
2456,6267,1
2457,4440,0
2458,2153,1
2459,219,1
2460,10798,0
2461,10537,0
2462,8915,0
2463,8747,1
2464,1443,1
2465,7340,0
2466,3237,0
2467,6557,0
2468,1695,1
2469,9045,1
2470,8890,0
2471,1483,1
2472,8359,0
2473,6620,1
2474,110,1
2475,532,1
2476,3027,1
2477,10422,1
2478,2859,1
2479,7333,1
2480,9054,0
2481,5707,0
2482,10043,0
2483,267,0
2484,7585,0
2485,7309,1
2486,862,1
2487,8037,0
2488,300,1
2489,1343,1
2490,6542,0
2491,3355,0
2492,3902,1
2493,3226,0
2494,10004,0
2495,6648,0
2496,7497,1
2497,2835,1
2498,587,1
2499,4048,0
2500,3781,0
2501,6998,0
2502,1642,1
2503,7275,0
2504,5454,1
2505,2617,1
2506,8139,1
2507,2108,1
2508,554,1
2509,1150,1
2510,10401,0
2511,2613,1
2512,1622,1
2513,4900,0
2514,10063,0
2515,6260,0
2516,4543,1
2517,8259,1
2518,1786,1
2519,10849,0
2520,1908,1
2521,6358,0
2522,5345,0
2523,433,1
2524,10883,1
2525,2135,1
2526,1076,1
2527,4700,0
2528,9097,1
2529,5186,0
2530,1386,1
2531,641,1
2532,9093,0
2533,5470,1
2534,10338,0
2535,4717,1
2536,1116,1
2537,9692,0
2538,7047,0
2539,5664,0
2540,3692,1
2541,690,1
2542,10945,0
2543,9776,1
2544,6753,0
2545,9474,0
2546,5500,0
2547,9157,0
2548,9898,0
2549,10191,0
2550,4933,0
2551,3142,0
2552,3227,1
2553,7154,0
2554,2482,1
2555,4078,0
2556,10829,0
2557,10959,0
2558,4851,0
2559,4120,1
2560,5200,1
2561,1536,1
2562,289,1
2563,6075,0
2564,10508,0
2565,3838,0
2566,4885,1
2567,4655,0
2568,5605,1
2569,8524,0
2570,10553,0
2571,10974,0
2572,10785,1
2573,2330,1
2574,362,1
2575,1967,1
2576,6040,0
2577,1477,1
2578,9987,1
2579,1238,1
2580,9301,0
2581,5719,0
2582,282,1
2583,2247,1
2584,3345,0
2585,6514,1
2586,6240,0
2587,4621,0
2588,10287,0
2589,1553,1
2590,8844,0
2591,4183,0
2592,6878,0
2593,6995,1
2594,4608,0
2595,7038,0
2596,4074,1
2597,5697,0
2598,10853,0
2599,9731,0
2600,8710,0
2601,5304,0
2602,1978,1
2603,8276,1
2604,1382,1
2605,851,1
2606,5451,0
2607,3495,0
2608,1587,1
2609,4201,0
2610,4736,0
2611,7973,1
2612,7268,1
2613,10442,0
2614,2177,1
2615,3070,1
2616,6450,0
2617,5981,0
2618,8364,0
2619,2304,1
2620,1040,1
2621,3467,0
2622,3089,1
2623,10212,0
2624,2853,1
2625,102,1
2626,1297,1
2627,245,1
2628,10347,1
2629,2161,1
2630,9913,1
2631,5375,0
2632,10194,0
2633,5026,1
2634,2509,1
2635,1657,1
2636,10037,1
2637,1014,1
2638,4460,1
2639,8143,0
2640,5537,0
2641,4381,0
2642,9512,0
2643,7094,1
2644,4844,0
2645,1667,1
2646,5760,0
2647,10264,1
2648,8105,1
2649,4353,0
2650,7423,0
2651,4752,1
2652,8849,1
2653,23,1
2654,8498,0
2655,3783,0
2656,6362,0
2657,10875,0
2658,4978,1
2659,7948,1
2660,1972,1
2661,2682,1
2662,9349,0
2663,1860,1
2664,1314,1
2665,6025,1
2666,4530,1
2667,7392,0
2668,9271,0
2669,1966,1
2670,1054,1
2671,1848,1
2672,9888,0
2673,687,1
2674,7778,0
2675,4938,0
2676,5197,1
2677,2057,1
2678,7985,1
2679,8283,0
2680,3779,0
2681,6798,0
2682,10469,0
2683,2959,1
2684,979,1
2685,7677,0
2686,10976,1
2687,10500,0
2688,3614,1
2689,9956,1
2690,7784,0
2691,178,1
2692,4071,1
2693,2818,1
2694,9308,0
2695,10118,1
2696,5974,0
2697,2113,1
2698,9319,0
2699,7893,1
2700,2896,1
2701,1917,1
2702,983,1
2703,10418,1
2704,4871,1
2705,5287,0
2706,9547,1
2707,5952,0
2708,869,1
2709,1055,1
2710,5848,0
2711,4240,1
2712,846,1
2713,9618,0
2714,3891,1
2715,10135,0
2716,8684,0
2717,1729,1
2718,10130,0
2719,1715,1
2720,6679,0
2721,10409,0
2722,5164,0
2723,10441,0
2724,3767,1
2725,4170,0
2726,5521,1
2727,10921,0
2728,9648,1
2729,2633,1
2730,4393,0
2731,7295,1
2732,5055,1
2733,10578,0
2734,5869,1
2735,10483,1
2736,5128,0
2737,3287,0
2738,10496,1
2739,1237,1
2740,1011,1
2741,6256,1
2742,3650,1
2743,5168,1
2744,10183,1
2745,9413,0
2746,9435,1
2747,5672,1
2748,8752,1
2749,2821,1
2750,45,1
2751,9261,1
2752,207,1
2753,5318,0
2754,3795,1
2755,4419,0
2756,6654,0
2757,1453,1
2758,5736,0
2759,6618,1
2760,6173,0
2761,7381,0
2762,6199,0
2763,8542,0
2764,7384,1
2765,3675,1
2766,25,1
2767,10538,0
2768,8443,1
2769,4777,1
2770,10531,1
2771,2915,1
2772,7711,1
2773,3834,1
2774,1266,1
2775,4508,1
2776,4850,0
2777,6122,1
2778,9182,1
2779,164,1
2780,8045,0
2781,7704,1
2782,6371,0
2783,5438,0
2784,2329,1
2785,4979,1
2786,225,1
2787,7691,1
2788,10922,1
2789,10076,1
2790,3738,0
2791,8198,0
2792,206,1
2793,1414,1
2794,3211,0
2795,8998,0
2796,682,1
2797,7486,1
2798,3833,0
2799,6895,0
2800,2844,1
2801,10721,1
2802,6176,0
2803,6100,0
2804,2819,1
2805,10607,1
2806,9398,0
2807,5266,0
2808,5329,0
2809,1810,1
2810,1153,1
2811,382,1
2812,2112,1
2813,4707,0
2814,5166,1
2815,2656,1
2816,4292,1
2817,6936,1
2818,9348,1
2819,7735,1
2820,7239,0
2821,10455,0
2822,4526,0
2823,978,1
2824,1558,1
2825,4127,1
2826,4295,1
2827,7012,1
2828,1188,1
2829,9217,0
2830,9276,0
2831,9402,0
2832,3397,0
2833,1942,1
2834,5326,1
2835,640,1
2836,4101,1
2837,10030,0
2838,6507,0
2839,7119,1
2840,8891,0
2841,3947,0
2842,4202,1
2843,7393,0
2844,4195,0
2845,2571,1
2846,8739,0
2847,3990,0
2848,8510,0
2849,10168,0
2850,5003,0
2851,10465,1
2852,10595,0
2853,429,1
2854,3129,1
2855,7676,1
2856,8759,0
2857,9867,0
2858,976,1
2859,5693,1
2860,8541,1
2861,5411,1
2862,2260,1
2863,9657,1
2864,8944,0
2865,6876,0
2866,9446,1
2867,7067,1
2868,1413,1
2869,8694,0
2870,5484,0
2871,10723,1
2872,4360,0
2873,450,1
2874,8195,1
2875,5867,1
2876,8554,0
2877,9631,1
2878,2634,1
2879,6744,0
2880,854,1
2881,484,1
2882,9296,1
2883,6788,1
2884,9372,0
2885,4001,1
2886,1794,1
2887,4124,0
2888,6041,0
2889,6051,0
2890,4973,1
2891,9211,0
2892,10207,1
2893,1547,1
2894,944,1
2895,5489,1
2896,6287,0
2897,9797,0
2898,4755,0
2899,6118,0
2900,6837,1
2901,3703,0
2902,3962,1
2903,5932,1
2904,7712,0
2905,8644,1
2906,8691,1
2907,9605,1
2908,4909,0
2909,7026,0
2910,9438,1
2911,5490,1
2912,1704,1
2913,6700,0
2914,4512,0
2915,32,1
2916,10682,0
2917,3628,0
2918,4797,0
2919,9137,0
2920,8062,0
2921,10968,1
2922,4037,1
2923,4243,1
2924,6892,0
2925,2120,1
2926,7335,0
2927,2630,1
2928,3435,0
2929,3469,0
2930,4994,0
2931,10756,1
2932,10505,1
2933,616,1
2934,6756,0
2935,2072,1
2936,2200,1
2937,3300,0
2938,10479,1
2939,6191,1
2940,5312,0
2941,10385,1
2942,5031,0
2943,10490,0
2944,7481,0
2945,8213,0
2946,9465,0
2947,9658,0
2948,6421,0
2949,892,1
2950,9226,0
2951,8764,0
2952,504,1
2953,3918,0
2954,279,1
2955,10843,0
2956,6281,0
2957,8987,1
2958,5988,1
2959,8732,0
2960,9030,0
2961,4387,0
2962,5873,1
2963,4831,0
2964,10210,1
2965,3655,0
2966,10862,0
2967,1688,1
2968,9214,1
2969,5240,1
2970,2885,1
2971,4505,0
2972,5507,1
2973,4796,0
2974,4531,0
2975,10193,1
2976,1052,1
2977,5585,1
2978,968,1
2979,9005,0
2980,10789,1
2981,10967,0
2982,5039,0
2983,3913,0
2984,5570,0
2985,10042,1
2986,8611,0
2987,2756,1
2988,1677,1
2989,9232,0
2990,1525,1
2991,7535,1
2992,9839,1
2993,9700,1
2994,10069,1
2995,1620,1
2996,5573,0
2997,2466,1
2998,5866,0
2999,8600,1
3000,5260,1
3001,2642,1
3002,9659,0
3003,9024,0
3004,5175,0
3005,292,1
3006,4679,1
3007,10232,1
3008,6954,0
3009,1086,1
3010,5350,0
3011,7382,0
3012,8437,0
3013,997,1
3014,5105,1
3015,4309,0
3016,2365,1
3017,9131,0
3018,6506,1
3019,7674,1
3020,894,1
3021,8986,0
3022,9682,1
3023,8756,0
3024,2686,1
3025,4820,0
3026,79,1
3027,1886,1
3028,3881,0
3029,7729,1
3030,6822,0
3031,9486,0
3032,2945,1
3033,1598,1
3034,6322,0
3035,884,1
3036,6363,1
3037,7116,0
3038,2139,1
3039,6720,0
3040,8309,1
3041,1112,1
3042,5928,1
3043,635,1
3044,6093,0
3045,7938,1
3046,165,1
3047,7430,0
3048,3519,0
3049,1048,1
3050,1623,1
3051,2342,1
3052,6907,0
3053,595,1
3054,7223,1
3055,655,1
3056,2228,1
3057,10793,0
3058,9437,0
3059,10348,1
3060,6336,0
3061,5955,1
3062,4200,0
3063,10061,1
3064,3837,0
3065,7431,1
3066,6574,0
3067,5491,1
3068,7327,1
3069,7732,1
3070,3996,0
3071,1073,1
3072,6650,0
3073,1428,1
3074,3949,1
3075,3588,0
3076,7967,1
3077,3312,0
3078,8133,0
3079,2343,1
3080,10129,0
3081,9862,1
3082,310,1
3083,9172,1
3084,2909,1
3085,6415,0
3086,5145,0
3087,10560,1
3088,8807,0
3089,9789,0
3090,7276,0
3091,8670,0
3092,10672,1
3093,9823,0
3094,7970,0
3095,6455,0
3096,4536,0
3097,6414,1
3098,8138,0
3099,3028,1
3100,6053,0
3101,5930,0
3102,7917,1
3103,4548,0
3104,7351,1
3105,10876,0
3106,3550,0
3107,5113,0
3108,2353,1
3109,2265,1
3110,10535,1
3111,8316,0
3112,10047,0
3113,2285,1
3114,3832,1
3115,4184,1
3116,10203,1
3117,603,1
3118,9069,0
3119,2747,1
3120,10377,1
3121,1234,1
3122,5400,0
3123,5513,0
3124,9832,1
3125,10676,0
3126,6526,1
3127,3353,0
3128,201,1
3129,5701,1
3130,7918,1
3131,7102,0
3132,1543,1
3133,3906,0
3134,9620,0
3135,8953,0
3136,7877,0
3137,3843,0
3138,10121,0
3139,8375,0
3140,1170,1
3141,5256,1
3142,7046,0
3143,2185,1
3144,10114,1
3145,7924,1
3146,6748,0
3147,7398,1
3148,10303,0
3149,3741,0
3150,849,1
3151,3313,0
3152,2719,1
3153,10548,0
3154,7862,1
3155,7567,0
3156,2725,1
3157,6395,0
3158,2498,1
3159,1897,1
3160,9169,0
3161,2070,1
3162,4630,0
3163,3651,1
3164,10005,0
3165,2250,1
3166,7440,0
3167,3048,1
3168,2125,1
3169,2354,1
3170,8160,0
3171,10903,1
3172,4324,1
3173,9161,1
3174,5414,1
3175,5748,0
3176,5425,0
3177,8389,0
3178,850,1
3179,4705,0
3180,4416,0
3181,3786,0
3182,10575,0
3183,2661,1
3184,1506,1
3185,9142,0
3186,3413,0
3187,7596,1
3188,8601,0
3189,4053,1
3190,431,1
3191,3452,0
3192,6838,0
3193,1204,1
3194,1387,1
3195,8667,0
3196,3594,1
3197,5881,0
3198,8777,0
3199,638,1
3200,8432,1
3201,6445,0
3202,1124,1
3203,6732,0
3204,10242,1
3205,3689,0
3206,7461,1
3207,10342,1
3208,8910,0
3209,1832,1
3210,585,1
3211,658,1
3212,558,1
3213,9016,0
3214,2540,1
3215,6655,1
3216,9418,0
3217,10751,1
3218,2432,1
3219,3828,1
3220,3081,1
3221,6944,0
3222,10224,0
3223,8452,0
3224,10923,1
3225,1433,1
3226,3798,1
3227,8175,0
3228,7194,0
3229,4510,1
3230,8885,0
3231,1228,1
3232,1647,1
3233,352,1
3234,966,1
3235,17,1
3236,2155,1
3237,841,1
3238,9601,1
3239,5886,0
3240,287,1
3241,5277,0
3242,1808,1
3243,1510,1
3244,3506,0
3245,5483,1
3246,5858,0
3247,7505,0
3248,6161,0
3249,2123,1
3250,4798,0
3251,1375,1
3252,4369,0
3253,2117,1
3254,1005,1
3255,3422,0
3256,3182,0
3257,2764,1
3258,5002,0
3259,8216,0
3260,410,1
3261,8367,0
3262,2269,1
3263,4052,0
3264,1270,1
3265,53,1
3266,1993,1
3267,10140,1
3268,5813,1
3269,9709,0
3270,3455,1
3271,6420,1
3272,9381,0
3273,9057,0
3274,3210,0
3275,10909,0
3276,7882,0
3277,3322,1
3278,2023,1
3279,1789,1
3280,7449,0
3281,3671,0
3282,7579,0
3283,2560,1
3284,946,1
3285,10045,0
3286,7495,1
3287,1572,1
3288,8012,1
3289,9489,1
3290,8185,0
3291,8642,0
3292,6950,0
3293,7673,0
3294,7844,0
3295,10570,0
3296,10737,0
3297,2513,1
3298,8381,1
3299,4110,1
3300,6121,0
3301,4357,0
3302,9153,0
3303,5582,1
3304,3504,0
3305,4475,0
3306,4402,1
3307,8320,1
3308,6768,0
3309,4009,0
3310,6007,0
3311,10794,1
3312,1462,1
3313,4962,0
3314,7188,0
3315,6243,0
3316,1635,1
3317,9607,1
3318,8886,0
3319,6404,1
3320,7785,1
3321,6593,1
3322,929,1
3323,200,1
3324,3138,1
3325,4984,1
3326,2470,1
3327,8194,1
3328,6967,0
3329,1275,1
3330,8232,0
3331,6942,1
3332,3787,1
3333,1109,1
3334,7375,0
3335,8369,0
3336,3314,0
3337,4459,0
3338,6745,1
3339,9885,1
3340,6292,0
3341,9630,1
3342,493,1
3343,9558,1
3344,475,1
3345,7138,1
3346,4181,1
3347,4166,1
3348,6338,1
3349,513,1
3350,6997,0
3351,1416,1
3352,7142,0
3353,768,1
3354,4583,0
3355,4185,0
3356,3763,0
3357,2291,1
3358,143,1
3359,9047,1
3360,10336,0
3361,2825,1
3362,8358,1
3363,2099,1
3364,6412,1
3365,4659,0
3366,9458,1
3367,5237,1
3368,9619,0
3369,415,1
3370,2359,1
3371,6210,1
3372,2533,1
3373,6032,0
3374,4125,0
3375,1140,1
3376,5012,1
3377,7459,0
3378,10198,1
3379,1032,1
3380,7400,0
3381,3288,0
3382,2143,1
3383,4063,0
3384,6812,1
3385,6391,1
3386,8244,1
3387,2455,1
3388,5024,1
3389,9228,0
3390,8584,0
3391,1935,1
3392,1607,1
3393,6439,0
3394,1445,1
3395,2761,1
3396,10604,0
3397,5234,1
3398,3064,1
3399,9329,0
3400,3166,0
3401,2319,1
3402,3239,1
3403,6631,0
3404,1933,1
3405,7411,0
3406,2350,1
3407,5462,0
3408,6341,0
3409,7023,0
3410,4863,0
3411,1389,1
3412,1490,1
3413,1872,1
3414,6355,1
3415,1873,1
3416,8242,0
3417,1094,1
3418,10859,0
3419,5434,0
3420,7780,0
3421,9572,1
3422,4624,0
3423,6475,0
3424,9285,0
3425,4289,0
3426,10334,1
3427,3068,1
3428,795,1
3429,2218,1
3430,2891,1
3431,9340,0
3432,3267,0
3433,2232,1
3434,2217,1
3435,9698,0
3436,5487,0
3437,860,1
3438,560,1
3439,4577,0
3440,1236,1
3441,5878,1
3442,118,1
3443,10402,1
3444,7298,0
3445,5473,0
3446,3997,0
3447,8870,0
3448,4656,1
3449,1617,1
3450,10950,1
3451,7413,0
3452,1196,1
3453,7483,1
3454,742,1
3455,8983,0
3456,523,1
3457,4311,0
3458,10359,0
3459,7880,0
3460,318,1
3461,3233,1
3462,8991,0
3463,10243,1
3464,1093,1
3465,9051,0
3466,798,1
3467,10468,0
3468,5141,1
3469,10894,1
3470,5033,0
3471,1867,1
3472,10325,0
3473,1630,1
3474,8514,0
3475,9427,0
3476,5709,0
3477,9802,0
3478,3942,1
3479,7771,1
3480,5241,0
3481,3025,1
3482,8969,0
3483,8075,0
3484,8484,0
3485,7153,0
3486,5855,0
3487,7303,0
3488,7325,0
3489,569,1
3490,7597,0
3491,1430,1
3492,6913,0
3493,3356,0
3494,4366,1
3495,5977,1
3496,1355,1
3497,3212,1
3498,5925,1
3499,1901,1
3500,80,1
3501,9868,0
3502,2481,1
3503,5533,0
3504,4172,0
3505,3590,0
3506,8422,1
3507,3460,0
3508,3347,1
3509,711,1
3510,10304,0
3511,2813,1
3512,3306,0
3513,1740,1
3514,7757,0
3515,4019,1
3516,4943,1
3517,10094,1
3518,943,1
3519,2961,1
3520,1822,1
3521,1603,1
3522,1874,1
3523,5476,0
3524,508,1
3525,4085,1
3526,4119,0
3527,2757,1
3528,6068,1
3529,1333,1
3530,4374,1
3531,9722,0
3532,275,1
3533,7824,0
3534,4128,0
3535,6870,1
3536,4378,1
3537,10704,1
3538,7113,1
3539,637,1
3540,3511,0
3541,915,1
3542,7246,1
3543,9423,1
3544,7812,0
3545,8977,1
3546,6364,0
3547,4236,0
3548,9493,1
3549,6927,0
3550,2694,1
3551,409,1
3552,1987,1
3553,9790,0
3554,5291,0
3555,2230,1
3556,7577,0
3557,8286,1
3558,518,1
3559,10549,0
3560,10534,1
3561,5907,1
3562,6430,0
3563,780,1
3564,7121,1
3565,3440,0
3566,2628,1
3567,7819,0
3568,3091,1
3569,2201,1
3570,4964,0
3571,10423,1
3572,2532,1
3573,344,1
3574,5222,0
3575,1795,1
3576,3872,1
3577,4710,0
3578,9627,1
3579,7179,1
3580,337,1
3581,3839,0
3582,1180,1
3583,5626,0
3584,6276,1
3585,7604,1
3586,7042,0
3587,7315,0
3588,6922,1
3589,1049,1
3590,8400,1
3591,2333,1
3592,7218,1
3593,6498,0
3594,1158,1
3595,1804,1
3596,2209,1
3597,2366,1
3598,2590,1
3599,61,1
3600,6660,0
3601,7818,0
3602,3103,1
3603,3889,0
3604,4499,1
3605,8981,1
3606,3264,1
3607,7833,0
3608,9818,0
3609,9895,1
3610,5734,0
3611,7949,1
3612,8332,1
3613,2062,1
3614,7149,0
3615,7687,0
3616,3890,0
3617,7526,0
3618,8932,1
3619,9760,1
3620,4133,1
3621,3055,1
3622,9129,0
3623,4931,0
3624,767,1
3625,5846,0
3626,5976,0
3627,6979,1
3628,5909,0
3629,761,1
3630,1344,1
3631,9343,0
3632,3527,1
3633,9009,0
3634,4882,1
3635,2137,1
3636,4239,1
3637,1875,1
3638,6570,0
3639,3110,1
3640,9927,0
3641,4533,0
3642,876,1
3643,7847,0
3644,10112,0
3645,1283,1
3646,4770,0
3647,10799,0
3648,294,1
3649,4417,0
3650,1990,1
3651,4282,0
3652,10847,0
3653,2107,1
3654,9190,0
3655,3617,0
3656,7921,1
3657,6836,0
3658,2282,1
3659,10554,0
3660,8,1
3661,6204,1
3662,4441,0
3663,9487,0
3664,5464,0
3665,6491,0
3666,9278,0
3667,788,1
3668,10088,0
3669,7391,1
3670,10593,0
3671,3165,0
3672,2295,1
3673,2937,1
3674,6214,1
3675,3585,0
3676,8481,0
3677,5070,0
3678,4152,0
3679,10954,0
3680,2933,1
3681,10638,0
3682,4782,0
3683,6190,1
3684,8401,0
3685,6282,0
3686,5735,1
3687,6863,0
3688,8115,0
3689,1494,1
3690,3610,0
3691,832,1
3692,6575,0
3693,2713,1
3694,9089,1
3695,735,1
3696,7244,1
3697,6223,1
3698,1782,1
3699,4780,0
3700,2405,1
3701,10666,0
3702,9233,1
3703,5363,1
3704,6567,0
3705,7532,0
3706,855,1
3707,10927,1
3708,2566,1
3709,10856,0
3710,9696,0
3711,6005,0
3712,10016,0
3713,1381,1
3714,9861,0
3715,1728,1
3716,4267,1
3717,49,1
3718,492,1
3719,10651,0
3720,10978,0
3721,9463,1
3722,3146,0
3723,6730,0
3724,4894,1
3725,3191,1
3726,6839,1
3727,10116,0
3728,10610,0
3729,3756,0
3730,8465,1
3731,5172,0
3732,3943,0
3733,2078,1
3734,1798,1
3735,10677,0
3736,1615,1
3737,8548,0
3738,2993,1
3739,6896,0
3740,7426,1
3741,1113,1
3742,6303,0
3743,6571,1
3744,2541,1
3745,10747,0
3746,7739,0
3747,10616,0
3748,5261,1
3749,3855,0
3750,10788,1
3751,3007,1
3752,826,1
3753,2149,1
3754,5990,1
3755,3024,1
3756,9651,0
3757,4757,0
3758,7946,0
3759,1656,1
3760,2901,1
3761,9032,0
3762,6968,1
3763,4075,1
3764,4542,0
3765,4504,1
3766,2739,1
3767,8863,1
3768,319,1
3769,6528,0
3770,1556,1
3771,9039,0
3772,9749,1
3773,7571,1
3774,3268,1
3775,7939,1
3776,456,1
3777,1244,1
3778,2345,1
3779,2892,1
3780,2398,1
3781,6123,0
3782,2056,1
3783,6302,1
3784,8029,1
3785,384,1
3786,2040,1
3787,8388,0
3788,2310,1
3789,8913,1
3790,6513,0
3791,5599,0
3792,945,1
3793,8502,0
3794,8256,0
3795,1258,1
3796,9264,0
3797,4911,0
3798,9159,0
3799,2492,1
3800,4852,1
3801,8236,1
3802,8441,1
3803,7959,0
3804,42,1
3805,10512,1
3806,2525,1
3807,9194,0
3808,7051,0
3809,3691,0
3810,2386,1
3811,1648,1
3812,7204,1
3813,2830,1
3814,10818,1
3815,10134,0
3816,401,1
3817,4197,1
3818,3383,1
3819,5641,0
3820,4215,0
3821,10189,1
3822,7652,0
3823,490,1
3824,2932,1
3825,4005,0
3826,7316,0
3827,4060,0
3828,3190,0
3829,8799,1
3830,5501,0
3831,835,1
3832,2740,1
3833,9910,0
3834,218,1
3835,810,1
3836,9258,1
3837,737,1
3838,5419,0
3839,4451,1
3840,8865,0
3841,9200,0
3842,10390,0
3843,9466,0
3844,7779,0
3845,3826,1
3846,2126,1
3847,3000,1
3848,10635,0
3849,4329,0
3850,9947,1
3851,1487,1
3852,2762,1
3853,124,1
3854,8415,1
3855,5275,1
3856,8722,0
3857,8666,1
3858,9500,0
3859,9909,0
3860,7977,1
3861,2348,1
3862,4356,0
3863,6499,0
3864,4425,0
3865,6459,0
3866,353,1
3867,8966,0
3868,8447,0
3869,2086,1
3870,9015,1
3871,1374,1
3872,5053,0
3873,57,1
3874,10874,0
3875,6189,1
3876,5374,0
3877,7040,1
3878,8659,1
3879,2140,1
3880,4313,1
3881,4190,0
3882,7049,1
3883,8501,1
3884,743,1
3885,2526,1
3886,738,1
3887,2640,1
3888,541,1
3889,3860,1
3890,5726,0
3891,5959,0
3892,5037,0
3893,9777,0
3894,6602,0
3895,9741,0
3896,3623,0
3897,4733,0
3898,2547,1
3899,9374,0
3900,6290,0
3901,7982,0
3902,8617,0
3903,9037,0
3904,2677,1
3905,175,1
3906,9407,1
3907,6566,0
3908,6034,0
3909,7966,1
3910,2160,1
3911,9263,1
3912,7989,1
3913,6772,0
3914,7681,0
3915,8638,1
3916,7162,1
3917,10947,0
3918,4325,0
3919,2270,1
3920,8289,0
3921,670,1
3922,965,1
3923,8221,0
3924,5167,1
3925,255,1
3926,10713,1
3927,10870,0
3928,359,1
3929,6351,0
3930,1814,1
3931,8217,0
3932,145,1
3933,6881,1
3934,2954,1
3935,4083,1
3936,5989,1
3937,7563,0
3938,8303,0
3939,8149,0
3940,2267,1
3941,9083,0
3942,7163,1
3943,4721,1
3944,10117,0
3945,6605,0
3946,4696,0
3947,4269,0
3948,10282,0
3949,8697,0
3950,3161,0
3951,5121,0
3952,3904,0
3953,6042,0
3954,9113,0
3955,3284,0
3956,6413,1
3957,9756,1
3958,286,1
3959,3769,0
3960,6044,0
3961,4727,0
3962,4769,0
3963,2670,1
3964,1888,1
3965,6701,0
3966,4569,0
3967,2524,1
3968,4515,1
3969,3758,1
3970,10299,1
3971,7212,1
3972,2132,1
3973,8758,0
3974,972,1
3975,5880,0
3976,4868,0
3977,6285,0
3978,9280,0
3979,7358,0
3980,7963,0
3981,10451,0
3982,10988,0
3983,8531,1
3984,5020,1
3985,2164,1
3986,4947,1
3987,2758,1
3988,10628,0
3989,5290,0
3990,10942,0
3991,853,1
3992,3276,0
3993,1103,1
3994,7753,1
3995,8044,1
3996,3235,0
3997,4838,0
3998,10171,1
3999,9923,1
4000,8853,1
4001,2418,1
4002,1160,1
4003,1130,1
4004,987,1
4005,8728,0
4006,3204,0
4007,5775,0
4008,81,1
4009,7396,1
4010,7890,0
4011,2131,1
4012,7066,0
4013,6943,0
4014,5283,0
4015,460,1
4016,10699,1
4017,5093,0
4018,9771,1
4019,2299,1
4020,5910,1
4021,3676,0
4022,3917,0
4023,7224,0
4024,9139,1
4025,7668,0
4026,3823,0
4027,5300,1
4028,3278,0
4029,1227,1
4030,4106,0
4031,1392,1
4032,4835,0
4033,3424,0
4034,6483,0
4035,6946,0
4036,3621,0
4037,729,1
4038,3815,0
4039,5265,1
4040,10166,0
4041,2970,1
4042,675,1
4043,5546,0
4044,4702,0
4045,2843,1
4046,10388,0
4047,8417,0
4048,9160,0
4049,7227,0
4050,5046,1
4051,6861,1
4052,4352,0
4053,10991,1
4054,5453,1
4055,10885,1
4056,7695,0
4057,330,1
4058,4409,0
4059,8615,0
4060,10819,0
4061,8740,0
4062,2193,1
4063,1488,1
4064,2871,1
4065,4253,1
4066,597,1
4067,1554,1
4068,10477,1
4069,8893,1
4070,3605,1
4071,7201,1
4072,1366,1
4073,8724,1
4074,1265,1
4075,33,1
4076,9991,0
4077,7728,0
4078,833,1
4079,10509,0
4080,1537,1
4081,10816,0
4082,4651,0
4083,9354,0
4084,3785,1
4085,7456,0
4086,10099,0
4087,4174,1
4088,8021,1
4089,10421,1
4090,213,1
4091,7663,0
4092,4995,0
4093,5820,1
4094,350,1
4095,4108,0
4096,5373,0
4097,1301,1
4098,7433,0
4099,1348,1
4100,8992,0
4101,7302,0
4102,3077,1
4103,8522,0
4104,7637,0
4105,10127,0
4106,1012,1
4107,9707,0
4108,2602,1
4109,6738,0
4110,9565,0
4111,8608,1
4112,5468,0
4113,2906,1
4114,10466,0
4115,7467,0
4116,2918,1
4117,6218,0
4118,10435,1
4119,4800,1
4120,9428,0
4121,4294,0
4122,774,1
4123,10105,0
4124,807,1
4125,5548,0
4126,1835,1
4127,9492,0
4128,1106,1
4129,2431,1
4130,10715,0
4131,6275,0
4132,9373,0
4133,2311,1
4134,2005,1
4135,6427,0
4136,5169,0
4137,3572,0
4138,8287,0
4139,5379,0
4140,2538,1
4141,10206,0
4142,3031,1
4143,9719,1
4144,1461,1
4145,576,1
4146,9197,0
4147,14,1
4148,787,1
4149,7338,0
4150,2272,1
4151,2251,1
4152,5459,0
4153,6129,0
4154,762,1
4155,1507,1
4156,5611,1
4157,9392,0
4158,8916,0
4159,3271,0
4160,10262,1
4161,1518,1
4162,5515,1
4163,7648,1
4164,2626,1
4165,5072,0
4166,4224,0
4167,1070,1
4168,9647,1
4169,1758,1
4170,2313,1
4171,725,1
4172,820,1
4173,3668,0
4174,6373,1
4175,2067,1
4176,9289,1
4177,8162,0
4178,10854,0
4179,5365,0
4180,407,1
4181,10839,0
4182,3385,0
4183,2465,1
4184,7502,0
4185,10008,1
4186,3381,1
4187,6298,1
4188,8229,0
4189,2798,1
4190,6157,0
4191,5606,1
4192,5382,0
4193,8679,0
4194,4340,0
4195,8095,0
4196,8843,0
4197,6947,1
4198,9405,0
4199,5652,0
4200,6076,1
4201,3018,1
4202,9461,0
4203,10857,0
4204,6156,0
4205,2448,1
4206,3733,1
4207,843,1
4208,5590,0
4209,6687,0
4210,9267,0
4211,7763,0
4212,5471,1
4213,3773,1
4214,6640,0
4215,5632,0
4216,7555,0
4217,2616,1
4218,4730,0
4219,4222,0
4220,7299,1
4221,10920,1
4222,2360,1
4223,2187,1
4224,10725,1
4225,3337,0
4226,113,1
4227,9251,0
4228,4486,1
4229,6479,1
4230,4430,1
4231,3933,0
4232,6318,1
4233,7115,0
4234,4789,1
4235,5668,0
4236,8038,1
4237,7923,0
4238,4480,0
4239,452,1
4240,1861,1
4241,6229,1
4242,808,1
4243,7243,0
4244,7523,1
4245,8247,0
4246,162,1
4247,4290,1
4248,3911,1
4249,8795,1
4250,10346,1
4251,4275,0
4252,1406,1
4253,6198,1
4254,689,1
4255,10293,0
4256,3570,0
4257,83,1
4258,10687,0
4259,10622,0
4260,10809,1
4261,9001,0
4262,4886,0
4263,238,1
4264,10855,1
4265,4296,0
4266,509,1
4267,6612,1
4268,7441,0
4269,1274,1
4270,9314,0
4271,7816,1
4272,7152,0
4273,4062,0
4274,3429,0
4275,673,1
4276,8368,0
4277,9677,0
4278,323,1
4279,106,1
4280,4879,0
4281,2351,1
4282,9008,0
4283,7289,1
4284,10985,1
4285,8505,1
4286,1059,1
4287,5798,0
4288,3352,0
4289,4288,0
4290,6177,0
4291,8711,1
4292,5835,0
4293,10683,0
4294,1394,1
4295,3893,0
4296,1081,1
4297,8478,1
4298,9102,0
4299,3641,0
4300,2314,1
4301,8335,0
4302,7929,1
4303,366,1
4304,3444,0
4305,1957,1
4306,4227,1
4307,4280,0
4308,2347,1
4309,3846,0
4310,10880,0
4311,2916,1
4312,6451,0
4313,6039,0
4314,8712,1
4315,10153,0
4316,3634,0
4317,8555,0
4318,3326,0
4319,2797,1
4320,7901,0
4321,9779,0
4322,2302,1
4323,4632,0
4324,1138,1
4325,1532,1
4326,8569,0
4327,2307,1
4328,3338,0
4329,1548,1
4330,9639,0
4331,2388,1
4332,1660,1
4333,3984,0
4334,9365,0
4335,1038,1
4336,875,1
4337,9919,0
4338,1001,1
4339,1061,1
4340,9945,0
4341,8960,0
4342,5409,1
4343,947,1
4344,3479,0
4345,8440,0
4346,4974,0
4347,176,1
4348,4261,0
4349,10391,0
4350,5943,0
4351,380,1
4352,10024,0
4353,657,1
4354,5349,0
4355,8822,0
4356,10276,0
4357,3061,1
4358,8448,0
4359,10952,1
4360,2519,1
4361,9979,0
4362,7371,0
4363,5415,0
4364,2084,1
4365,5819,1
4366,4762,1
4367,535,1
4368,8938,0
4369,9332,1
4370,2096,1
4371,7005,0
4372,5833,0
4373,3807,1
4374,6572,0
4375,6134,1
4376,7764,1
4377,327,1
4378,1034,1
4379,3214,0
4380,7688,1
4381,9433,0
4382,2981,1
4383,8979,1
4384,6582,0
4385,3405,0
4386,6977,0
4387,1684,1
4388,3425,0
4389,1072,1
4390,10056,0
4391,7550,0
4392,7887,1
4393,1541,1
4394,2318,1
4395,6676,0
4396,2610,1
4397,3406,1
4398,10395,1
4399,3646,0
4400,573,1
